ODS_izena,garbitua,proposatua_kanonikoa,lehen_txapelketa,egoera,Txirrindularia_ID_eskuz
ALEX ARANBURU DEBA,ALEX ARANBURU DEBA,Alex Aranburu Deba,Vuelta a España 2021,BERRIA,
AMEZQUETA Julen (Esp),AMEZQUETA Julen,Amezqueta Julen,Vuelta a España 2020,BERRIA,
BARBERO Carlos (Esp),BARBERO Carlos,Barbero Carlos,Vuelta a España 2020,BERRIA,
BARTA William (USA),BARTA William,Barta William,Vuelta a España 2020,BERRIA,
Bidard François,Bidard François,Bidard François,Vuelta a España 2023,BERRIA,
CARR Simon,CARR Simon,Carr Simon,Giro D'Italia 2024,BERRIA,
CHUMIL Sergio Geovani,CHUMIL Sergio Geovani,Chumil Sergio Geovani,Vuelta a España 2025,BERRIA,
CRAPS Lars,CRAPS Lars,Craps Lars,Vuelta a España 2025,BERRIA,
DAVIDE CIMOLAI,DAVIDE CIMOLAI,Davide Cimolai,Vuelta a España 2021,BERRIA,
De Gendt Thomas,De Gendt Thomas,De Gendt Thomas,Vuelta a España 2023,BERRIA,
DE PESTEL Sander,DE PESTEL Sander,De Pestel Sander,Vuelta a España 2024,BERRIA,
[BEL] Devenyns Dries,Devenyns Dries,Devenyns Dries,Tour De France 2023,BERRIA,
DIEGO ANDRES CAMARGO PINEDA,DIEGO ANDRES CAMARGO PINEDA,Diego Andres Camargo Pineda,Vuelta a España 2021,BERRIA,
DUMOULIN Tom (PBa),DUMOULIN Tom,Dumoulin Tom,Vuelta a España 2020,BERRIA,
Dunbar Edward,Dunbar Edward,Dunbar Edward,Vuelta a España 2023,BERRIA,
EGAN ARLEY BERNAL,EGAN ARLEY BERNAL,Egan Arley Bernal,Vuelta a España 2021,BERRIA,
FABBRO Matteo,FABBRO Matteo,Fabbro Matteo,Giro D'Italia 2024,BERRIA,
FABIO ARU,FABIO ARU,Fabio Aru,Vuelta a España 2021,BERRIA,
Fausto Masnada,Fausto Masnada,Fausto Masnada,Vuelta a España 2022,BERRIA,
FROOME Chris (GBr),FROOME Chris,Froome Chris,Vuelta a España 2020,BERRIA,
GEE-WEST Derek,GEE-WEST Derek,Gee-west Derek,Giro D'Italia 2026,BERRIA,
GEENS Jonas,GEENS Jonas,Geens Jonas,Giro D'Italia 2026,BERRIA,
HARM VANHOUCKE,HARM VANHOUCKE,Harm Vanhoucke,Vuelta a España 2021,BERRIA,
HERRADA Jose (Esp),HERRADA Jose,Herrada Jose,Vuelta a España 2020,BERRIA,
HUGH JOHN CARTHY,HUGH JOHN CARTHY,Hugh John Carthy,Vuelta a España 2021,BERRIA,
INKELAAR Kevin (PBa),INKELAAR Kevin,Inkelaar Kevin,Vuelta a España 2020,BERRIA,
IZAGIRRE Gorka (Esp),IZAGIRRE Gorka,Izagirre Gorka,Vuelta a España 2020,BERRIA,
IZAGUIRRE Ion (Esp),IZAGUIRRE Ion,Izaguirre Ion,Vuelta a España 2020,BERRIA,
Jan Bakelants,Jan Bakelants,Jan Bakelants,Vuelta a España 2022,BERRIA,
JON ABERASTURI IZAGA,JON ABERASTURI IZAGA,Jon Aberasturi Izaga,Vuelta a España 2021,BERRIA,
José Joaquín Rojas,José Joaquín Rojas,José Joaquín Rojas,Vuelta a España 2022,BERRIA,
KUDUS Merhawi (Eri),KUDUS Merhawi,Kudus Merhawi,Vuelta a España 2020,BERRIA,
KULSET Johannes,KULSET Johannes,Kulset Johannes,Tour De France 2024,BERRIA,
[BEL] Lampaert Yves,Lampaert Yves,Lampaert Yves,Tour De France 2023,BERRIA,
LASTRA Jonathan (Esp),LASTRA Jonathan,Lastra Jonathan,Vuelta a España 2020,BERRIA,
Lopez Juan Pedro,Lopez Juan Pedro,Lopez Juan Pedro,Vuelta a España 2023,BERRIA,
MADRAZO Angel (Esp),MADRAZO Angel,Madrazo Angel,Vuelta a España 2020,BERRIA,
MALUCELLI Matteo,MALUCELLI Matteo,Malucelli Matteo,Giro D'Italia 2026,BERRIA,
MARK PADUN,MARK PADUN,Mark Padun,Vuelta a España 2021,BERRIA,
MARTINEZ Daniel F. (Col),MARTINEZ Daniel F.,Martinez Daniel F.,Vuelta a España 2020,BERRIA,
MARTINEZ Juan Guillermo,MARTINEZ Juan Guillermo,Martinez Juan Guillermo,Vuelta a España 2025,BERRIA,
MATE Luis Angel (Esp),MATE Luis Angel,Mate Luis Angel,Vuelta a España 2020,BERRIA,
Mathias Jørgensen,Mathias Jørgensen,Mathias Jørgensen,Vuelta a España 2022,BERRIA,
MC CARTHY Jay (Aus),MC CARTHY Jay,Mc Carthy Jay,Vuelta a España 2020,BERRIA,
MIKEL BIZKARRA,MIKEL BIZKARRA,Mikel Bizkarra,Vuelta a España 2021,BERRIA,
Molano Sebastian,Molano Sebastian,Molano Sebastian,Vuelta a España 2023,BERRIA,
Mosca Jacopo,Mosca Jacopo,Mosca Jacopo,Vuelta a España 2023,BERRIA,
NIELSEN Magnus (Din),NIELSEN Magnus,Nielsen Magnus,Vuelta a España 2020,BERRIA,
OSORIO Juan Felipe (Col),OSORIO Juan Felipe,Osorio Juan Felipe,Vuelta a España 2020,BERRIA,
PINARELLO Alessandro,PINARELLO Alessandro,Pinarello Alessandro,Giro D'Italia 2026,BERRIA,
POELS Wouter (PBa),POELS Wouter,Poels Wouter,Vuelta a España 2020,BERRIA,
POZZOVIVO Domenico,POZZOVIVO Domenico,Pozzovivo Domenico,Giro D'Italia 2023,BERRIA,
RAMON SINKELDAM,RAMON SINKELDAM,Ramon Sinkeldam,Vuelta a España 2021,BERRIA,
RODRÍGUEZ Óscar,RODRÍGUEZ Óscar,Rodríguez Óscar,Giro D'Italia 2023,BERRIA,
Rohan Dennis,Rohan Dennis,Rohan Dennis,Vuelta a España 2022,BERRIA,
ROMEO Iván,ROMEO Iván,Romeo Iván,Tour De France 2025,BERRIA,
RONDEL Mathys,RONDEL Mathys,Rondel Mathys,Giro D'Italia 2026,BERRIA,
SALMON Martin Alexander (Ale),SALMON Martin Alexander,Salmon Martin Alexander,Vuelta a España 2020,BERRIA,
SCHWARZMANN Michael (Ale),SCHWARZMANN Michael,Schwarzmann Michael,Vuelta a España 2020,BERRIA,
SEPÚLVEDA Eduardo,SEPÚLVEDA Eduardo,Sepúlveda Eduardo,Tour De France 2025,BERRIA,
SICARD Romain (Fra),SICARD Romain,Sicard Romain,Vuelta a España 2020,BERRIA,
[DEN] Skjelmose Jensen Mattias,Skjelmose Jensen Mattias,Skjelmose Jensen Mattias,Tour De France 2023,BERRIA,
SOSA Iván (Col),SOSA Iván,Sosa Iván,Vuelta a España 2020,BERRIA,
SÁNCHEZ Luis León (Esp),SÁNCHEZ Luis León,Sánchez Luis León,Vuelta a España 2020,BERRIA,
TOBIAS BAYER,TOBIAS BAYER,Tobias Bayer,Vuelta a España 2021,BERRIA,
Valter Attila,Valter Attila,Valter Attila,Vuelta a España 2023,BERRIA,
van den Berg Julius,van den Berg Julius,van den Berg Julius,Vuelta a España 2023,BERRIA,
VAN GARDEREN Tejay (USA),VAN GARDEREN Tejay,Van Garderen Tejay,Vuelta a España 2020,BERRIA,
Vincenzo Nibali,Vincenzo Nibali,Vincenzo Nibali,Vuelta a España 2022,BERRIA,
